月日,摘要,収入金額,支払金額,差引残高,検算
2/6,前ページより,,,212254,繰越
2/6,1月分コート代,,7920,204334,OK
2/12,ビジター みのわさん,300,,,-
2/19,ビジター 相本.植手.勝田.門野,1200,,205834,OK
2/22,ビジター 勝田.相本 (訂正印あり),600,,,-
2/26,ビジター 勝田.門野.相本,900,,207334,OK
3/12,ビジター 植手,300,,,-
3/25,2月分コート代,,9680,,-
3/25,連盟総会 京極.佐藤,,1000,,-
3/25,連盟加盟金,,5000,,-
3/25,連盟員担金,,1000,190954,OK
3/25,理事長通信費,,2000,,-
3/25,スポーツ保険代 振込代,,140,188814,OK
4/1,前年度繰越金,,,188814,繰越
4/5,ビジター 勝田.相本,600,,,-
4/9,勝田.相本.門野 ビジター,900,,,-
4/16,ビジター 勝田.門野.植戸,900,,,-
4/16,3月分コート代,,7040,,-
4/16,わかば予定表 コピー代,,320,183854,OK
5/7,4月分コート代,,8800,175054,OK
5/14,ビジター 門野,300,,175354,OK
5/21,ビジター 門野.植戸,600,,175954,OK
5/24,理事会 ズロー会議 相林,,500,175454,OK
6/4,5月分コート代,,7920,,-
6/18,ビジター 門野.植戸,600,,168134,OK
6/26,社会教育申請書類提出 郵送料,,600,167534,OK
6/28,ビジター 相本,300,,167834,OK
7/12,ビジター 相本,300,,168134,OK
7/12,6月分コート代金,,7040,161094,OK
8/6,7月分コート代金,,5280,,-
9/20,8月分コート代金,,4400,151414,OK
9/24,ビジター 宇佐見,300,,151714,OK
10/2,10/2理事会 京極.相林,,1000,150714,OK
10/15,9月分コート代金,,8360,142354,OK
10/18,ビジター 相本,300,,142654,OK
11/8,ビジター 相本,300,,142954,OK
11/13,理事会 相本,,500,142454,OK
11/13,10月分コート代,,6160,136294,OK
11/13,前ページより,,,136294,繰越
11/13,ママさん大会 1000x4 京極.佐藤.並河.フジイ,,4000,132294,OK
11/13,ママさん連盟50周年 6000x5,,30000,102294,OK
11/26,わかばクラブ総会 食事会,,34677,67617,OK
12/3,10/29ビジター 勝田.宇佐見,600,,68217,OK
12/3,11月分コート代,,11440,56777,OK
12/17,ビジター 門野先生,300,,57077,OK
1/14,"ビジター 1/7,14 勝田.門野",900,,57977,OK
1/21,ビジター 門野.勝田.植戸,900,,58877,OK
1/24,ビジター 勝田,300,,59177,OK
1/26,12月分コート代,,7920,51257,OK
1/26,ビジター 勝田,300,,51557,OK
1/26,理事会新年会 会費 京極.藤野,,2200,49357,OK
1/26,会議費 500x2,,1000,48357,OK
1/26,交通費 牧ノ原-八柱 200x2x2 八柱-東岩見 270x2x2,,1880,46477,OK
1/28,ビジター 勝田,300,,46777,OK
2/4,1月分コート代金,,8800,,-
2/4,ビジター 勝田.門野,600,,38577,OK
2/18,ビジター 勝田,300,,,-
3/4,ビジター 門野,300,,,-
3/7,ビジター 勝田,300,,,-
3/11,ビジター 勝田,300,,,-
3/11,2月分コート代,,6160,,-
3/11,会費 12000x7人,84000,,,-
3/18,ビジター 勝田.宇佐見.植戸 (600取消→900訂正),900,,118517,OK
3/21,ビジター 勝田,300,,,-
3/25,ビジター 勝田,300,,119117,OK
3/25,連盟加盟金,,5000,,-
3/25,連盟分担金,,1000,,-
3/25,連盟総会 出席 京極,,500,,-
3/25,総会出席 交通費,,940,,-
3/25,理事長通信費,,2000,109677,OK
3/25,スポーツ保険振込料,,140,109537,OK
